ID,section,original,fixed,chou_fasman,gor,predator,jpred,q3,len_original,len_fixed,len_q3,len_cf,len_gor,len_pred,len_jpred
6UF2,1,MRIDELVPADPRAVSLYTPYYSQANRRRYLPYALSLYQGSSIEGSRAVEGGAPISFVATWTVTPLPADMTRCHLQFNNDAELTYEILLPNHEFLEYLIDMLMGYQRMQKTDFPGAFYRRLLGYDS,MRIDELVPADPRAVSLYTPYYSQANRRRYLPYALSLYQGSSIEGSRAVEGGAPISFVATWTVTPLPADMTRCHLQFNNDAELTYEILLPNHEFLEYLIDMLMGYQRMQKTDFPGAFYRRLLGYDS,HHHHHHHHHCTCCEEEEEEEECTCCTTCEEEEHEEEECTTCCCTHHHHHTHHHEEEEEEEEEEECCTCEEEEEEECCTCHHEEEHEEHHHHHHHEEHHHHEEEEHHHHHTHCCTCEEEEEECCCC,ccccccccccccceeeccccccccchhhhchhhhhhccccccccccccccccceeeeecceecccccccceeeeeecccchhhhhhhccccchhhhhhhhhhhhhhhcccccccceeeeeeeeec,cccccccccccccccccccccccchhhhhhhhhhhhhhccccccccccccccccccccccccccccccccccccccccccccccccccchhhhhhhhhhhhhhccccccccccchhhhhhhcccc,--------------EEE--------HHHHHHHHHHHHH---EEEEEEEE-----EEEEEE--------EEEEEEEE------EEEEEE--HHHHHHHHHHHHH----------HHHHHHHH----,CCHHHCCCCCHHHHHHHCCCCCCCCCCCHHHHHHHHHHHHCBBBBBCCCCCCCBBBBBBCCCCCHHHCBBBBBBBBCCBBBBBBBBBBBHHHHHHHHHHHHHHHHHCCCCCCCHHHHHHHHCCCC,125,125,125,125,125,125,125
6VR4,1,ACKIENIKYKGKEVESKLGSQLIDIFNDLDRAKEEYDKLSSPEFIAKFGDWINDEVERNVNEDGEPLLIQDVRQDSSKHYFFILKNGERFDLLTREFDSFTSPDLTNEIKEITDQLSYYIYNKHFSSDFEQVEGAKLNIQNEISQFVKEGKAPVQAAYNKLQDPDIKDLLDYYDNIEKHSDEFESEIVKFFSEKKLIIKDAELEDVTQEGLNEGLQGGDLVQAFEKNSKDNATANVKLXLSFLPKIDNLTGEPALGDYLNKPVFRSFDSIHSELLEVLSDITTLHVQGEVLDVFSSXYNKIKELADFKKSFKPLLEILDTIDEQKKTEFVQAFYLSKINFYTTTIETLETEDQNNTLTTFKVQNVSNANNPISSKLTEYYTNFKYKILPGGKLNKGKLKDLQSTVTSLLEKTRKENNPKYKSDSDFYEVFEEGVVELXQVFEDLGVDSITFEAXDIFLKQFRFDLPENNAYKIXYQQYQGKLTNLNNLLKDIQSNKINPYKINPFKNYSNLIFNSLAEAENYFIENNNESTIFSNGKTYWNFARPSYISNRINTFKNNPGVLRQLLNTSYGQSSLWAKHLLGEEKNVTGDFVLAGNARESASENRLKSLELSIFNSLQEKDKGAEGNDNGSISIVDQLADKLNKVLRGGTKNGTSIYSTVTPGDKSTLHEIKIDHFIPETISSFSNGTXIFNDKIVNAFTDHFVSEVNRXKEAYQELETLPESKRVVHYHTDARGNVXKDGKLAGNAFKSGHILSELSFDQITQDDNEXLKLYNEDGSPINPKGAVSNEQKILIKQTINK,ACKIENIKYKGKEVESKLGSQLIDIFNDLDRAKEEYDKLSSPEFIAKFGDWINDEVERNVNEDGEPLLIQDVRQDSSKHYFFILKNGERFDLLTREFDSFTSPDLTNEIKEITDQLSYYIYNKHFSSDFEQVEGAKLNIQNEISQFVKEGKAPVQAAYNKLQDPDIKDLLDYYDNIEKHSDEFESEIVKFFSEKKLIIKDAELEDVTQEGLNEGLQGGDLVQAFEKNSKDNATANVKLMLSFLPKIDNLTGEPALGDYLNKPVFRSFDSIHSELLEVLSDITTLHVQGEVLDVFSSMYNKIKELADFKKSFKPLLEILDTIDEQKKTEFVQAFYLSKINFYTTTIETLETEDQNNTLTTFKVQNVSNANNPISSKLTEYYTNFKYKILPGGKLNKGKLKDLQSTVTSLLEKTRKENNPKYKSDSDFYEVFEEGVVELMQVFEDLGVDSITFEAMDIFLKQFRFDLPENNAYKIMYQQYQGKLTNLNNLLKDIQSNKINPYKINPFKNYSNLIFNSLAEAENYFIENNNESTIFSNGKTYWNFARPSYISNRINTFKNNPGVLRQLLNTSYGQSSLWAKHLLGEEKNVTGDFVLAGNARESASENRLKSLELSIFNSLQEKDKGAEGNDNGSISIVDQLADKLNKVLRGGTKNGTSIYSTVTPGDKSTLHEIKIDHFIPETISSFSNGTMIFNDKIVNAFTDHFVSEVNRMKEAYQELETLPESKRVVHYHTDARGNVMKDGKLAGNAFKSGHILSELSFDQITQDDNEMLKLYNEDGSPINPKGAVSNEQKILIKQTINK,HHHEHEEHHHHHHHHTHEEEEEEEEEHHHHHHHHHHHHHHTHHHHHHEEEEHHHHHHTHHCTCHHHEEEEEEHTHHTHHEEEEHHTHHHHEEHHHHEEEEETTEHHHHHHHEHTEEEEEECCTCCHHHHHHHHHHHEEHHTHEEEHHHHTHHHHHHHEHHHHTTHHHHEEEEEHHHHHHHHHHHEHEEEHHHHHHEEHHHHHHHEHHHTHHHHEEETEEEEHHHHTHHHTCHEHEHHHHEEHEHHEEEECTTCCEEEEHEEEEEHHEHHHHHHHHHEEEEEEEEEHHHHEEEEHEEEEHHHHHHHHHHHHHHHHHHEEHHHHHHHHEHEEEEEEEEEEEEEEEEHHHHHHHTETEEEEEEEEEEECCCCTCEETEEEEEEEEEEEEECCTTHHHTTHHHHEEEEEEHHHHHHHTCCCTCCCTCTHEEHHHHEEEHHEEHHHHEEEEEEHHHHHHEEHHHEHHHHCCTTTHEEEEEEEEHTEEEEEEHHHHEEHTTEEEEEEECCCCCEEEEEEHHHHHHTHEHHCTCCTTEECCTTTEEEECCTTCEEETEEEECCTCTCEEEEEEETEEETTHHHHHEHHHHHTHEEEEEEHHTHHHHHHHHTHHHHHHEEEEEHHHHHHHHHCTCCCTCEEEEHHHHTHEEEECCTCCCTCEEEEEEECCTCTTEHHHEHEEEHHHHEEEEEETEEEEHHEEEEEHEEEEHEHHEHHHHHHHHHHHHHHHHHHEEEEECCCCTCHHHTHHHHTHHHCTHHHHHHHHEEEEHTTHHHHEEHHHTCCTCCCTTCHHHHHEEEEEEEEHHC,cccccccccccchhhhhccchhhhhhhhhhhhhhhhccccchhhhhhhccccchhhhhcccccccchhhhhhccccccceeeeeccccccceeccccccccccccchhhhhhhhhhhheeeccccccchhhhhhhhhhhhhhhhhhhhcccchhhhhhhhccccchhhhhhhhhhhccccchhhhhhhhhhhhhhhhhhhhhhhhhhhhhhhhcccccchhhhhhhcccccchhhhhhhhhcccccccccccccccccccccceecccchhhhhhhhhcchhhhhcccceeeehhhhhhhhhhhhhhhhccchhhhhhhhhhhhhhhhhhhhhhcccccceeeeeeccccccccccceeeeeeeecccccccccccccccccceeeecccccccccccccchhhhhhhhhhhhhcccccccccccchhhhhhhhhhhhhhhhcccccchhhhhhhhhhhhhhccccccchhhhhhhhhccceechhhhhhhhhcccccccccccccccchhhhhhhhhhhhhhhcccccceeeecccceeeeccccccccccccccccccceeeeeccccccchhhhhhhhccccccccceeeeccchhhhhhhhhhhhhhhhhhhhhhhccccccccccchhhhhhhhhhhhhhhhccccccceeeeeeccccccchhhhhhcccccceeeeccccceeeccccccccccchhhhhhhhhhhhhhhhcccccceeeeeeecccchhhhccccccccccccccccccccchhhhhhhhhhhhhcccccccccccccchhhhhhhhceeec,ccccccccccccchhhhhhheeecccccchhhhhhhhhccccccccccccccccccceeeeccccceeeecccccccceeeeeecccccceeeeccccccccccchhhhhhhhhhhhheeecccchhhhhhhhhhhhhhhhhhhhhhhhccchhhhhhhhhhchhhhhhhhhhhhhhhhhhhhhhhhhhhhhhcccccccccccccccccccccccccchhhhhhhhcccccchhhhhhhhcccccccccccccccccccccccccccchhhhhhhhhhchhhhhhhhhhhhhhhhhhhhhhhhhhhhhhhhhhhhhhhhcchhhhhhhhhhhhhhhhhhhhhhhhcccccccccceeeeecccccccccccchhhhhhhhhcccccccccccchhhhhhhhhhhhhhhhhhccccccccccccceeehhhhhccccccccccccccccchhhhhhhhhhhhhccccccchhhhhhcccccccchhhhhhccccccccccccccccccchhhhhhhhhhhhhhhcccccccccccccceeeeccccchhhhhhhhhcccchhhhhhhhcccccccccccccccccccccceeeccccccccccccccchhhhhhhhhhhccccccccccceeeechhhhhhhhhhhcccccccceeeeeccccccccccccccccccccccccccccccchhhhhhhhhhhhhhhhhhhhhhhhhhhhccccccceeeeccccccceeecccccccccccccccccccccccccccccceeeccccccccccccchhhhhhhhhhhhccc,----------------HHHHHHHHHH--HHHHHHHHHH---HHHHHHHH-----HHHHH------EEEHHH-------EEEEE------EEHH-------------HHHHHHHHHHHHHHHHHH------HHH-HHHHHHHHHHHHHH--HHHHHHHH-----HHHHHHHHHHHHHHH-----HHHHHHHHHHHHHH---------E---HHHHHHHHHHHHHHHH-----HHHHHHHHHHHHHHHHHHHHHHHH-----------HHHHHHHHHHHHHHHHHH--H-HHHHHHHHHHHHHHHHHHHHHHHHHHHHHH---HHHHHHHHHHHHHHHHH--HHHHHHHHH---------HHHHHHHHHHHHHHHHHHHHHHH---EEEE---------HHHHHHHHHHHHHHHHH------------HHHHH-HHHHHHHHH-------HHHHHH--------------HHHHHHHHHH-----HHHHHHHHHH--------------HHHHHHHHHHHHHHH-------HEEE---------------HHHHH------HHHHHHH-----HHHHHHHHH----------EEE-----HH----HHHHHHHHHHH-HH-------------EEHHHHHHHHHHHHH--------EEEE-------------------------------------HHHHHHHHHHHHHHHHHHHHHH--------EEEEE-------------------------------------HHH-----------------------HH-----,CCCCCCCCCCCCCCCCHHHHHHHHHHCCHHHHHHHHHHHCCHHHHHHHCCCCCCCCCCCCCCCCCCCCBBBBCCCCCBBBBBBCCCCCBBBCCCCCCCCCCCCCHHHHHHHHHHHHHHHHHHHHHCCCCCCCCCCCCCHHHHHHHHHHHHHHHHHHHHHHCCCHHHHHHHHHHHHHHHCHHHHHHHHHHHHHHHCCCCCHHHHHHHHHHHHHHCCCHHHCCCHHHCCHHHHCCHHHHHHHHCCBCBCCCCCCBCBCCCCCCBCBCCHHHHHHHHHHHHCCCCCCBBCCBBCCHHHHHHHHHHHHHHHCHHHHHHHHHHHCCCHHHHHHHHHHHCCBBCCBBBBBBBBBBCCCCCCBBBBBBBBBCCCCCCHHHHHHHHHHHHHHHHHCHHHCCCHHHHHHHHHHHHHHHHHHHHHCCCCCCCHHHHHHHHHHHHHHHHHHHHHCCCCCCCHHHHHHHHHCCCCCCCCCCCHHHHHHHHHHHHHHHHHHHHHHHCCCCCCCCCCHHHHCHHHHHHHHHHHHHCCCCCCCCCBBBBCCBBBBCBBCCBHHHHHHHHHHHCCHHHHHHHHCCHHHHCHHHHHHHCCCBCCCCCBCCCHHHHHHHHHHHHHHCBBBBBBBBBBCCBBBBBBCCCCCCHHHHHHHHHHHHHHHHCCCCCBBBBCCCCCCCCCCBBBBBCCCCCCCBBBBBCCBBBBCHHHHHHHHHHHHHHHHHHHHHHHHHHHCCHHHCBCCCCCCCCCCCBBCCBBCCHHHCCCCCCHHHCHHHCCHHHHHHHCCBCCCCCBCCCCCCCCHHHHHHHHHHHHH,800,800,800,800,800,800,800
6VR4,2,VLNQRIKENIRYFKDQGLVIDTVNKDGNKGFHFHGLDKSIXSEYTDDIQLTEFDISHVVSDFTLNSILASIEYTKLFTGDPANYKNXVDFFKRVPATYTNGTNLRLGLEANDHLFDVAVLENIVKPSAYLKEIGESLKLSDLSEAEKKYILEAYEDVNQTDAQAWITPKRWAFLISRTGKWNSKYQSVYNKILKSESLDASEXKLAAQPLKGVYFGLVNNTPTYLKYSQAVLLPQLVAGTQLQSLADAXNKQDIGESIVLDGVKVGATTPNIVTDENGDILKSISLNPLTLSNADWKLQQDLPVKTIKPTLLGSQIQKNIYSSLTDEATYTIENEAFNGSGXFQAINDTVSAXSNLSIAGLSSELGKDSEGKIDKRKLYDXLEREXLDKGSAINLLKSIQKNLPIEAXPGIKDKLYNIVFSKINSAAVKLKTNGGSFIQLSNFGLDKQTADAKGITWLVEPSDLKPPVIEKDADGKNYIRPGQIFXSHVQIAKLVPDYAKXDSKTLSSXIDPKALRAIGYRIPNQGQSSNDPLQIVGILPEAXGDTIVAYTEIPTKTGSDFDIDKXYVXLPNFKVEHTKKSFKLAKDYIAQNEITVEEXYDELEDHGFNIDDIANGEEVTESAITEAFIKNHILNSNSELEYHNDFVKQHNIDAVNKIDFLGYSEELHKNKSEQLQNRLFDLYWAVLTNEKTYGDLITPIDFPHVKDEIKRVFGDNSKQTGENLKFHDPLYQLKLKFTYAGGKSGVGITANXLVDHNRSKGIDXQFNQYNLGVGHTQNGNTVFDKEYSEELNGTRFKIKD,VLNQRIKENIRYFKDQGLVIDTVNKDGNKGFHFHGLDKSIMSEYTDDIQLTEFDISHVVSDFTLNSILASIEYTKLFTGDPANYKNMVDFFKRVPATYTNGTNLRLGLEANDHLFDVAVLENIVKPSAYLKEIGESLKLSDLSEAEKKYILEAYEDVNQTDAQAWITPKRWAFLISRTGKWNSKYQSVYNKILKSESLDASEMKLAAQPLKGVYFGLVNNTPTYLKYSQAVLLPQLVAGTQLQSLADAMNKQDIGESIVLDGVKVGATTPNIVTDENGDILKSISLNPLTLSNADWKLQQDLPVKTIKPTLLGSQIQKNIYSSLTDEATYTIENEAFNGSGMFQAINDTVSAMSNLSIAGLSSELGKDSEGKIDKRKLYDMLEREMLDKGSAINLLKSIQKNLPIEAMPGIKDKLYNIVFSKINSAAVKLKTNGGSFIQLSNFGLDKQTADAKGITWLVEPSDLKPPVIEKDADGKNYIRPGQIFMSHVQIAKLVPDYAKMDSKTLSSMIDPKALRAIGYRIPNQGQSSNDPLQIVGILPEAMGDTIVAYTEIPTKTGSDFDIDKMYVMLPNFKVEHTKKSFKLAKDYIAQNEITVEEMYDELEDHGFNIDDIANGEEVTESAITEAFIKNHILNSNSELEYHNDFVKQHNIDAVNKIDFLGYSEELHKNKSEQLQNRLFDLYWAVLTNEKTYGDLITPIDFPHVKDEIKRVFGDNSKQTGENLKFHDPLYQLKLKFTYAGGKSGVGITANMLVDHNRSKGIDMQFNQYNLGVGHTQNGNTVFDKEYSEELNGTRFKIKD,EEEEHHHHHHHHHHTEEEEEEECCTCCCTHHHHHHHHHHHHHHEHTEEHHHHEHHHEEEEEEEEEEEEHEEHEEEEECTTCCCCHHEEHEEEHEEEEEETCCCHHHHHHHHHHEHEEHHHEEEHHTHHHHHHHHHHHHHHHHHHHHHHEHHHHHHHHHHHHHEEEEHTHHEEEEECTCTCCCTCEEEEEEHEHHHHHHHHHHHHHHHTHEEEEEEEEEEEEEEEEEEEEEEEEEEEEHEEEEHHHHHHHHHTHHHHHEEEHHHHHEEEEEEECCHTHTHHHEEEEEEEEECHHHHHHHHTEEEEEEEEEEEEEEEEEEEEEEECCHHHEEHHHHHHCCTTCHEEHEETEHHHHHHHHHHHHHTHHHTHHHTHHHHHHEEHHHHHHHHHTTHHHHHEEEEHTHHHHHHHHHHHTHEEEEEEHHHHHHHHHHCCCTTCEEEEHHHHHHHHHHHHHHEEHHHHTTHHHTHHHHHHHHTTCCCETEEEHEEEEHHHEEEHHHHHHHTTEHEHHHHHHHHHHCCCCCCTCCCCCCTHEEEEEHHHHHHEEEEEHEHHECCCCCTHHHHHEEEEHEHHHHHHHHHHHHHHHTHHHHHHEEHHHHHHHHHHHHHHHHHHHHHHHHHHHHHHHHHEEEEEECCTCTCCHHHTHHHHHHHHHHHHHEEEECCCHHHHHTHHHEEEEHHEEEEEEEHHTHTEEEEEEEEEHHHHHHHHHHHHCCTCCTCHHHHHHHHTHEEHHHEEEEHCTTCTCCHEHHEHEEHCCTCTHHHEEEEEEEEEECCCCTTCCHHHTHHHHHCCTTCHHCCC,ccccccchhhhhccccceeeeeecccccceeeecccccchhhhcccccccccccccceeccccccchhhhhhhhcccccccccccchhhheeecccccccccchhhhhhhcchhhhhhhhhccccchhhhhhhhhhhhhhhhhhhhhhhhhhhhhhhhhhhhhhhhccceeeeeeeccccccccccchhhhhhhhhchhhhhhhhhhccccceeeeeeccccccchhhhhhhhhhhhhchhhhhhhhhhhhhcccceeeecceeccccccceecccccchhhhhccccceecchhhhhhccccccccccccccchhhhceeeccccccchhhhccccccccceeeeccchhhhhhhhhhcccccccccccchhhhhhhhhhhhhhhhhhhhhhhhhhhhhccccccccccccchhhhhhhhhhchhhhhhcccccceeeecccccchhhhhhccceeeeccccccccceeecccccceecccchhhhhhhhhhhhhhhcccccceeeccccchhhhhheeeccccccccccceeeeeeecccccceeeeeeccccccccccceeeeeeeecccchhhhhhhhhhhhhhhhhchhhhhhhhhhhhccccchhhhccccchhhhhhhhhhhhhhhcccccccccccccccccccchhhhhhhhchhhhhhhchhhhhhhhhhhhhhhhhcccccccceeccccccccchhhheeecccccccccccccccchhhhhhheeeccccccceeeechhhhccccccceeeecceeeeeecccccceeechhhhhhhccceeeeec,ccchhhhhhhhhhhccccccccccccccccccccccccccccccccccccchhhhhhhhhhhhhhhhhhhhhhceeecccccccchhhhhhhhhhhcccccccccccccccccccceeeeccccccccchhhhhhhhhhhhhhhhhhhhhhhhcccccccccccchhhhhhhhhhhhccccchhhhhhhhhhhccccccchhhhhhhhcccccccccccccccccccceeeecccccccchhhhhhhhhhhccccccccccccccccccccccccccccccccccccccccccccccccccccccccccccchhhhhhhhhhhcccccccccccccchhhhhhhhhhhhhhhhhhhhhhhhhcccccccccchhhhhhhhhhhhhhhhccccccccccccccccccccccchhhhhhhhhhhhhhhhccccccccceeeeecccccccccccccceeeeccccccccccccccccccccccccccccccccccccccccccccccccccccccccceeeeccccccccccceeeeeeeccccccceeeeccceeeeccccccccceeeeccccccccccccccccccccccchhhhhhhhhhhhhhhhhccccccchhhhhhhhhhhhhhhhhcccchhhhhhhhhhhhhhhhcccccccccchhhhhhhhhhhhhhhhhhhhhhhhccccccccccccccccchhhhhhhhhhccccccccccccccccccccccccccccccceeecccccccccccchhhhhhhccccccccccccccceeehhhhhhhhccccccc,--HHHHHHHHHHH----EEEEEE-------EEEE----HHHH------EEE-E--HHHH--HHHHHHHHH---EE---------HHHHHHHHHH---------EEEEEE----EEHHHHHHH-----HHHHHHHHH-------HHHHHHHHHHHHH--------------EEEEEE-------HHHHHHHHHHH-------HHHHHHHH---EEEEE------HHHHHHHHHHHHHH----HHHHHHHHH------EEEE--EE-------EEE-----EEE---------------E--------E--HH--HHHHHHHHH------EEEEE---------HHHHHHHHHHHH--------------------HHHHHHHHHHHHH----HHHHHHHHH-----------HHHHHHHHHHHH---EEEEE-----EEEEE-------------EEEEE---------E--------------HHHHHHHHHHH---------HHHH----HHHHHHHH-------------EEEEEEE-------EEEEE-------------EEEEEE-----HH-HHHHHHHHHHH-----HHHHHHHHHHH---------------HHHHHHHHHHHHH-----------HHHHH---------------HHHHH-HHHHHHHHHHHHHHHHH-------------------HHHHHHH----------------HHEEEEEEEE-------EEEEEEE----------EEE--------------EEE-----------EEEE--,HHHHHHHHHHHHHHHCCCBBBBBCCCCCBBBBBCCCBHHHHCCCCCCCCBCHHHHHHHHHHHHHHHHHHHHHHHHHHHCCHHHCCCHHHHHHHHHHHHCBCBBCCCCCCCCCCBBBBBBBCCCBBCCCCHHHHHHHHCCCCCCHHHHHHHHHHHCCBBCCCCBBBBCHHHHHHHHHHCCCCCHHHHHHHHHHHCCCCCCCHHHHHCCCCBBBBBBBBBCCBBBBBBCBBBBCCHHHHCCBCCHHHHHHHHHCCBBBBBBHHHBBBCCBCCBCCBCCCCCBCCCCCCCCBBBBHHHBBBBBCCCCCCCBBBBCCCCHHHHHHHHCCCCCCBBBCCBBBCHHHHHHHHHHHHHHHHHHHHHHHHHHHCCCCCCCCCHHHHHHHHHHHHHHHCCCHHHHHHHHCCCCHHHCCCCHHHHHHHHHHHHHHHHCCCBBBBBBBBBBCCCCCCCBCCCCCCCBBCCCCCCCCCCBBBBCCCCCBBBBCBBBBBCCHHHHHHCCCCCCCCHHHHHHHBCHHHCBBBBBCCCCCCHHHCBBBBBBBBCCHHHCCBBBCCCCHHHHHCCCCCCCCBBBBBCCBBBBCCHHHHHHHHHHHHHCCCCHHHHHHHCCCCCCCCCCHHHHCCCCCHHHHHHHHHHHCCCCCCCCCHHHHHHHHCCCCCCCBBBBCCCCCCHHHCCHHHHHHHHHHHHHHHHCBHHHHHHHHCCCCCCHHHHHHHHHHCCCCCCCCCCCHHHCHHHHHHHHHHHHCHHHHHHHHHHHHHHHHHCCCCCCBBCCCCCCCCCBBCCBBBCCCCBCCCBCCBCCBHHH,800,800,800,800,800,800,800
6VR4,3,TISAFLNAFVDNAKDPYINDGNFNTYTSSVAFXLIRAGVHPDWIISFIGQPVLRELADFTQRYESKIIPKEDVGKSSFDIIVEKYETINQESYKDAESRAFSLDTLQESIEVGVHGIDLDVLKTFKGFQEQAKRLNESVQLSRFDTNGSGKNILDLIILKNKIKNLYVSEQTQQKGSXXNHFKKYHNNGKITSLGTQVKNTLLFTDDILNNNPSLFLLGSKPIQDLVNSISNNLVDSRGGSRGLLTNEDVGKLFYKEVYKYIXADFAPFKVGDPXAYIKDTIFDLVNYKTEDKQYDSSNFFIENXTVYENSFGITNKNKSVDFQDRLYRSAYDLXXENPELANKXFISSFLXNGFENKLIDIKEYIPYQWFLENDIRSFIESKNTGLKDSSESLRSFEEQFIKNNSDSNILAPKVSQSVIKSIKGIKSKHVFELPINDKTKRYILGATETKEEVLPNYVKVGSDLYRLKAYREKSGVYVRTNKLGFEDPKSFLSIKEYKFGTRTGGNFTGELTKQELVYTNQWVNENITLANGYISADSRTVDNPADKILEQNSLENILFSQNNVVX,TISAFLNAFVDNAKDPYINDGNFNTYTSSVAFMLIRAGVHPDWIISFIGQPVLRELADFTQRYESKIIPKEDVGKSSFDIIVEKYETINQESYKDAESRAFSLDTLQESIEVGVHGIDLDVLKTFKGFQEQAKRLNESVQLSRFDTNGSGKNILDLIILKNKIKNLYVSEQTQQKGSMMNHFKKYHNNGKITSLGTQVKNTLLFTDDILNNNPSLFLLGSKPIQDLVNSISNNLVDSRGGSRGLLTNEDVGKLFYKEVYKYIMADFAPFKVGDPMAYIKDTIFDLVNYKTEDKQYDSSNFFIENMTVYENSFGITNKNKSVDFQDRLYRSAYDLMMENPELANKMFISSFLMNGFENKLIDIKEYIPYQWFLENDIRSFIESKNTGLKDSSESLRSFEEQFIKNNSDSNILAPKVSQSVIKSIKGIKSKHVFELPINDKTKRYILGATETKEEVLPNYVKVGSDLYRLKAYREKSGVYVRTNKLGFEDPKSFLSIKEYKFGTRTGGNFTGELTKQELVYTNQWVNENITLANGYISADSRTVDNPADKILEQNSLENILFSQNNVVS,EEHHHHEHEHHHHHTCCCCTTCEEEEEEEHHEEHEEEHHHTHEEEEEEEEEHHHHHHEEEHHHHHHHHHHTHHHTTHEEEHHHHEHEHHTTHHHHHHHHHHHEHHHHHHHHHEEEEHHEHEEHEEEHHHHHHHHHHHHEEEHHCCTCTCCHHEEEEEEHHHHEEEEEHHHEHHTHHHHHHHHHHHCTTTCEEEEEEEEEEEEEHHHEEECTCTCEEEHHTTHEEEEECCCCTCCCCTCCCCTCCCHTTHEEEEHHHHEEEEHHHHHHHHHHHHHHHEHHEEEEEEEEHHHHTTHHCTTCHHHHEEEECCTCCCCCTTHTHHHHHEEECETHHHHHHHTHHHHHHEEEEHEEEHHHHHHHHHHHEEEEEEHHHHTHHHHHHHTTCCCCCTHHHHHHHHHHEEECTCCCTCHHHTEEEEEEEHHHHHHHHHHHHHEHCCTCEEEEEEHHHHHHHHEEEEEECCHTHHHHHHHHHTCTCEEEEETHHHHHTHHHHHHHHHHHCCTCCCTCEETHEHHHEEEEEEEEHHHHHHHCTCCCCCCTCCCCTCHHHHHHTTHHHEEEEETEECCC,cccccccccccccccceeccccccccccchhhheeeccccccceeeccccchhhhhhhhhhhhhcccccccccccccchhhhhhhhhhchhhhhhhhhhhhhhhhhhhhhheeecccchhhhhchhhhhhhhhhhhhhheeeeccccccccchhhhhhhhhhhcceeeeeeeeeccchhhhhhhhcccceeeeccccccceeeecccccccccceeeccccccceeeeccccccccccccccceecccccchhhhhhhhhhhhccccccccccccceecceeeeeeccccccccccccceeeecceeeeccccccccccccchhhhhhhhhhhhhhccccccchhhhhhhhhhcccchhhhhhcccchhhhhhcchhhhhhhcccccccchhhhhhhhhhhhhccccccccccccchhhhhhhccccccceeeccccccceeeeeecccccccccccccccccchhhhhhhhcccceeeeecccccccccchhhhhccccccccccccccccceeeeeeeccccccceeecccccccccccccccchhhhhhhhhhhhhhhcceeec,ccchhhhhhhhhcccccccccccccchhhhhhhhhhccccccceeeecchhhhhhhhhhhhhhhhccccccccccchhhhhhhhhhhcccccccccccchhhhhhhhhhhcccccchhhhhhhhhhhhhhhhhhhhhhhhhhcccccccccchhhhhhhhhhhhhhhhhhccccccccccccccccccccccccchhhhhhhhccccccccccccccccccchhhhhhhhccccccccccccccchhhhhhhhhhhhhhhhhhccccccccccccccccchhhhhhcccccccccccccccccccccccccccccccccccchhhhhhhhhhhhhcccchhhhhhhhhhhcccccccccccccccccccccccccchhhhhhhhcccccccccchhhhhhhhhcccccccccccccccccccccccccccccccccccccccccccccccccccccceeeccccchhhhhhhhhcceeeeecccccccccchhhhhhhhcccccccccccccccccccccccccccccccccceeeecccccccccchhhhhhchhhhhhccccccc,-HHHHHHHHH----------------HHHHHHHHHH------HHHHHH-HHHHHHHHHHHHHH---------------EEEEHHHHH-------------HHHHHHHHHHHH-------HHHHHHHHHHHHHHHH---EEEEEE-------HHHHHHHHHHH-HHHEE--HHHHHHHHHHHHHHH-----EEEE--HHH-HEEE----------EEEE----HHHHHHHHH-------------------HHHHHHHHHHHHHH----------HHHHHHHHHHHH--------------EEEEEEEE--------------HHHHHHHHHHHHHH-------HHHHHHHHH-----HHHHH-------HHHH-HHHHHHH---------HHHHHHHHHHHHH----------HHHHHHHHHHH------EEEE-------EEEEE-------HHHHHHHH---HHHHHHHH----EEEEE-----------EEEEEEE--------------HHHHHH--------EEE----E---------HHHHHHH---HHHHHH-------,HHHHHHHHHHCCCCCCCHHHHCCCCCCHHHHHHHHHHCCCHHHHHHHHCCHHHHHHHHHHHHHCCCCCCCCCCCCCHHHHHHHHHHHHHCCCCCCCCCCCCCHHHHHHHHHCCCCCCHHHHHHHHHHHHHHHHHHHHHHHCCCCCCCCCCCCHHHHHHHHHHHHHHHHHHHCCCCCCBBCHHHHCBBCCBBCHHHHHHHHHHHHHHHHHHHCCCCCCCCCHHHHHHHHHHHHCCBBCCCBBCCCCCCHHHHHHHHHHHHHHHHCCCHHHCCCCHHHHHHHHHHHHHHHHHHHHCCCCCCHHHHCCBBCCCCBBCCCCCCCHHHHHHHHHHHHHHHHHCHHHHHHHHHHHHHHHCCCCCCCCCHHHCCHHHHHHCCHHHHHHHHHHHHHHCCHHHCCHHHHHHHHCCCCCCCCCBCCHHHCBCCCCCCCCCBBBBBCCCCCCCCCCBBCCCCCBBCCCBBBBCCBBBBBBBBBCCBBBBBBCCCCCBBBHHHCBBBCCCCCCCCCCCCCCCHHHHHHHHHHHHHHHHCCCHHHCCBBCCCCCCCCCHHHHHHCCCHHHHHHCCCCCCC,567,567,567,567,567,567,567
6Y4F,1,SIFSYITESTGTPSNATYTYVIERWDPETSGILNPXYGWPVXYVTVNHKHTVNGTGGNPAFQIARIEKLRTLAEVRDVVLKNRSFPIEGQTTHRGPSLNSNQEXVGLFYQPNSSGISPRGKLLPGSLXGIAPPPXE,SIFSYITESTGTPSNATYTYVIERWDPETSGILNPCYGWPVCYVTVNHKHTVNGTGGNPAFQIARIEKLRTLAEVRDVVLKNRSFPIEGQTTHRGPSLNSNQECVGLFYQPNSSGISPRGKLLPGSLCGIAPPPVH,TEEEEECTCCCCCTCCEEEEHHCCCCTCCTCEEETEEEEEEEEEEECCCCCCCCCCTTTHEHEHHHHHHHHHHHEEEEEHHTTHHHHHTEECCCTTCCCTCHEEEEEEECTCCTCCCTCTCCCCTCCCCCCCTCCC,cccceeeccccccccceeeeeeeccccccceeeecccceeeeeeeecccceeccccccchhhhhhhhhhhhhhhhhhhhhcccccccccccccccccccccccceeeeecccccccccccccccccccccccccee,ccccccccccccccccceeecccccccccccccccccccceeeeeeccccccccccccccccccccchhhhhhhhhhhhhhhcccccccccccccccccccccceeeeeecccccccccccccccceeeccccccc,--EEEEE---------EEEEEEEE-----------------EEEEE-EEE-----------E-------HHHHHHHHHHHHH----EEEEEEEEE--------EEEEEEE----------EE--------------,CBBBBBBBBBBCCCBBBBBBBBBBBCCCCCCCBCCCCCCCCCBBBBBBBCCCCCCBCCCCBBBBBCCCCCBHHHHHHHHHHHCCCCBBBBBBBBCCCCCHHHCCBBBBBBCCCCCCBCCCBBCCCBBBCCCCCCCC,136,136,136,136,136,136,136
6YA2,1,DLPNNXLNASSLKXEIKGISTYNVYYQVENNGVIYSXVSDSAEGLEKXDNSLNLPKRFSKVPVIPITKLDNKRHFSVGTKFFISESLTQDNYPITYNSYPTNGTVXLQTVKLSGDXKITKSNFANPYTVSITSPEKIMGYLIKKPGENVEHKVISFSGSASITFTEEMLDGEHNLLXGDKSAKIPKTNX,DLPNNCLNASSLKCEIKGISTYNVYYQVENNGVIYSCVSDSAEGLEKCDNSLNLPKRFSKVPVIPITKLDNKRHFSVGTKFFISESLTQDNYPITYNSYPTNGTVCLQTVKLSGDCKITKSNFANPYTVSITSPEKIMGYLIKKPGENVEHKVISFSGSASITFTEEMLDGEHNLLCGDKSAKIPKTNK,CCCTCCCCCHHHHHHHHHEEEEEEEEECCTTCEEEEECCHHHHHHHCCCTCCCCHHHHHHEEEEEEHHHCTTTCCHEEEEEHHHHEHETTEEEEEEEEEETEEEEEEEEEHCCTCCCCCTTCCCTEEEEEEHTHHHEEEEHHHTHHHHHHHHHHHCCTCCCEHHHHHHHHTHHCCHHHTHHHHHHTCCC,cccccccccccccccccccccceeeeeccccceeeeeecccccccccccccccccccccccceeceecccccccccccceeeeeccccccccceeeeeccccceeeeeeeccccccceeeccccccceeeecccchhhhhhhcccccccceeeeeeccccceeehhhhhccccceeccccccccceeec,ccccccccccccceeeeccccceeeeeeccccceeeecccccccccccccccccccccccccceeeeccccceeeeccceeeeeeccccccceeeccccccccceeeeeeecccccceeecccccceeeeeecccccceeeeeccccccceeeeeccccceeeeeccccccceeeeccccccccccccc,--------------EEEEE----EEEEE----EEEEEE---HHHH--------HHHH------EEEEE----EEEEE--EEEEE---------------------EEEEEEE----EEEEEE----EEEEEE----EEEEEEE---------EEEEE----EEE--------EEEEE------------,CCCCCCCCCCCCBBBBBBBCCCCBBBBBBBCCBBBBBBBCCCCCCCCCBCCCCCCCCCCCCCBBBCCCHHHHHHHBBBBBBBBBBCCCCCCBBBBBCCBBBBBBBBBBBBBBCCCCBBBCCCCCCCCBBBBBBBBBBBBBBBBCCCCCCCCCCBBBBBBBBBBCCCHHHCCCBBBBBCCBBBBBCCCCC,189,189,189,189,189,189,189
7D2O,1,KPTENNEDFNIVAVASNFATTDLDADRGKLPGKKLPLEVLKEMEANARKAGXTRGXLIXLSHIKXTPKMKKFIPGRXHTYEGDKESAQGGIGEAIVDIPAIPRFKDLEPMEQFIAQVDLXVDXTTGXLKGLANVQXSDLLKKWLPQRXATFASKIQGQVDKIKGAGGD,KPTENNEDFNIVAVASNFATTDLDADRGKLPGKKLPLEVLKEMEANARKAGCTRGCLICLSHIKCTPKMKKFIPGRCHTYEGDKESAQGGIGEAIVDIPAIPRFKDLEPMEQFIAQVDLCVDCTTGCLKGLANVQCSDLLKKWLPQRCATFASKIQGQVDKIKGAGGD,TCCCTCTHEEEEHEHTEEHEHHHHHHTTHHHTTHHHHHHHHHHHHHHHHCCEETEEEEEEHEEEEHHHHHEECETEEEECCTHHHHHHTHHHHEEEHEHHHHHHHHHHHHHEEEHEEEEEEEEEEEEHHHEEEEHEHHHHHHEEEHEEHEHHEEEETHEHHHHHCCCT,cccccccceeeeeeeccccccchhhhhccccccccchhhhhhhhhhhhhccccccceeeccccccccccceeccceeeeeccccccccccccceeecccccccccccccchhhhhceeeeecccccccccccccchhhhhhccccccccccccchhhhhheeeeeeec,ccccccccceeeeeeccccccccccccccccccccchhhhhhhhhhhhhccccceeeeeeecccccccccccccccccccccccccccccceeeeeeccccccccccchhhhhhhhhhcccccccccccccccchhhhhhhhhhccchhhhhhhhhhhhccccccccc,---------EEEEE----------------------HHHHHHHHHHHH-----H-HHHH-------HHHH--------------------------------------HHHHHHHHHH-----HHHHHHHHHHHHHHHHHHHHHHHHHHHHHHHHHHHHHHHH-----,CCCCCCCCCCCHHHHHHHCCCCCHHHHCCCCCCCCCHHHHHHHHHHHHHHCCCHHHHHHHHCCCCCHHHHHHCCCCCCCCCCCCCCCCCCCCCCCCCBCCBCHHHHCCHHHHHHHHHHHCCCCCHHHHHHHHCCCCCHHHHHHCCCCCCCCCCCCCCCCCCCCCCCCC,168,168,168,168,168,168,168
7JTL,1,QEXSLQSXTQHQPYVVDDPXPIHFYSKWYIRVGARKSAPLIELXVDEXSKSPIQYIDIGNYTVSXLPFTINXQEPKLGSLVVRXSFYEDFLEYHDVRVVLDFI,QECSLQSCTQHQPYVVDDPCPIHFYSKWYIRVGARKSAPLIELCVDEGSKSPIQYIDIGNYTVSCLPFTINCQEPKLGSLVVRCSFYEDFLEYHDVRVVLDFI,THEEEEEEEEEEEEEEETEEEEEEEEEEEEEEHHHTHHHHHEEHHHTCCCTCEEEEEEEEEEEEEEEEEEHHHHTHEEEEEEEEHHHHHHHHHHEEEEEEEHC,ccccccccccccceecccccceeeeccceeeeccccccceeeeecccccccceeeeeecceeeeeeccccccccccccceeeeeecccccccccceeeeeeec,cccccccccccceeeeccccccccccceeeeeccccccceeeeeccccccceeeeeeeeccccccccccccccccccceeeeeeeecccccccccceeeeccc,----HHHH-----EEEE-----------EEEE------HHHHHHHHH-----EEEEE---EEEEEEEEEEE--------EEEEE-HHHHHHHH--EEEE----,CCBBBBBBCCCCBBBCCCCCCCCCBBBBBBBBCCBCCCCBBBCCCCCCCCCCCCCCCCCCCBBBBCCBBBBCCCCCCBBBBBBBBCCCCCCCBBBBBBBBBBC,103,103,103,103,103,103,103
7K7W,1,HHHGTENLYFQGXATMAAQSLLSIPVEYRSQVWCRANLPYPPAPQLPIPAVVDILTKASQALPQISFSWTLIDQPPDGSLFLVWQAPTLPSPPDGMHFMSNERFFNMDVAGKVLEIHEAKHGFYPLSETRTMHVRCRYRLLGVGFDNFWLVHYFQGSETDSIPANISVAKPPHLRRYPLPDVKTSPFLLQ,HAHGTENLYFQGSATMAAQSLLSIPVEYRSQVWCRANLPYPPAPQLPIPAVVDILTKASQALPQISFSWTLIDQPPDGSLFLVWQAPTLPSPPDGMHFMSNERFFNMDVAGKVLEIHEAKHGFYPLSETRTMHVRCRYRLLGVGFDNFWLVHYFQGSETDSIPANISVAKPPHLRRYPLPDVKTSPFLLQ,CCCCEHEEEEETEHHHHHEEEEEEEEEEEEEEEEHCCCCCCTHHEEHEEEEEEEHHHHHHHEEEEEEEEEEEHTCCCTCEEEEHHHEECCTCCTHHHEHHHHHEHHHHHHEHEHHHHHHHTHEEEEEEEEEEEEEEEEEEEEEEEEEEEEEEEECTTCCTHHHTHHHHHCTCCEEEEEEEEEHETEEEHC,ccccccceeeechhhhhhhhhhccceeecceeeeeecccccccccccccchhhhhhhhhhhcccccccceeeccccccceeeeeccccccccccccceeeecchhhhhhhchhhhhhhccccccccccccceeeeeeeeeeeeccccceeeeeccccccccccccccccccccccccccccccccceeec,ccccccccccccccccccccccccccccccccccccccccccccccchhhhhhhhhhhhhhccccccceeecccccccceeeeeecccccccccccccccccccccccccccceeeecccccccccccchhhhhhhhhhhhcccccceeeeeeccccccccccccccccccccccccccccccccccccc,-------------------------HHH----EEEE-----------HHHHHHHHHHHHHHH----EEEEEE-------EEEEE-----------EEE----EEEEEE----EEEEEEEE---------EEEEEEEEEE--------EEEEEE----------------------------------EE-,CCCHHHHHHCCCCCHHHHHHHHCCCHHHCCCCBBBBCCCCCCCCCCCHHHHHHHHHHHHHHHHHCCBBBBCCCCCCCCCBBBBBCCCCCCCCCCCCBBCCCCBBBBBBBCCBBBBBBBBBBBBCCCCCCBCCBBBBBBBBBCCCCCCBBBBBBBBCCCCCCCBCCHHHCBCCCCCCCCCCCCCCCCBCCC,190,190,190,190,190,190,190
7OC9,1,GNDFVSRLKALDGREGKIVSSYDDENTGRXRLELQKYELEDGSQGLAVYLQDTGMYFTPSAGLDKETKLKDANTAVVSTSSERPGGDAXGDFGGALGYKKVLVLKDNQVTIRETFRXVMDGFKKYDLSTTXQF,GNDFVSRLKALDGREGKIVSSYDDENTGRCRLELQKYELEDGSQGLAVYLQDTGMYFTPSAGLDKETKLKDANTAVVSTSSERPGGDACGDFGGALGYKKVLVLKDNQVTIRETFRCVMDGFKKYDLSTTCQF,CTCEEHHHHHHHTHHHHEEEECCTTCEEEEEHHEHHHHHHTHHHEEEEEHETEEEEECTCHHHHHHHHHHHHHEEEEECCTCCCCTCCCCCCCTHEEEHEEEHHHTEEEHHHHEEEEHHHHEHHEHEEEEECC,ccccccchhhhccccceeeeeecccccchhhhhhhhhcccccccceeeeeccccceeccccccchhhhhhccceeeeeecccccccccccccccccceeeeeeecccceeeeeeeeeecccceecceeeeeec,cccccccccccccccceeeeecccccccccccccccccccccccceeeeeecccccccccccccccccccccceeeeeeccccccccccccccccccceeeeeecccceeeeecccccccccccccccccccc,--HHHHHHH------EEEEEE-------EEEEEEEEE-------EEEEEEE----EEE-HHHHHHHHHH----EEEEEE-------------------EEEEEE----EEEEE---EEE--------HEEE--,CHHHHHHHHHHCCCBBBBBBBCCCCCCCBBBBBBBBBBCCCCCBBBBBBBBCCCCCCCCBBBBCCCCBBBBCCBBBBBCCCCBCCBBCCBBCCCBBBBBBBBBBBCCBBBBBBBBBBHHHCCBBBBBBBBBBC,133,133,133,133,133,133,133
7REJ,1,KPTQPLFPLGLETSESSNIKGFNNSGTIEHSPGAVMTFPEDTEVTGLPSSVRYNPDSDEFEGYYENGGWLSLGGGGIRWETLPHAPSSNLLEGRGYLINNTTGTSTVVLPSPTRIGDSVTICDAYGKFATYPLTVSPSGNNLYGSTEDMAITTDNVSATFTWSGPEQGWVITSGVGLGQGRVYSREIFTQILASETSAVTLNTPPTIVDVYADGKRLAESKYSLDGNVITFSPSLPASTELQVIEYTPIQLGNXITWVYNGGSAIGGETEITLDIVVDDVPAIDINGSRQYKNLGFTFDPLTSKITLAQELDAEDEVVVIINGTP,KPTQPLFPLGLETSESSNIKGFNNSGTIEHSPGAVMTFPEDTEVTGLPSSVRYNPDSDEFEGYYENGGWLSLGGGGIRWETLPHAPSSNLLEGRGYLINNTTGTSTVVLPSPTRIGDSVTICDAYGKFATYPLTVSPSGNNLYGSTEDMAITTDNVSATFTWSGPEQGWVITSGVGLGQGRVYSREIFTQILASETSAVTLNTPPTIVDVYADGKRLAESKYSLDGNVITFSPSLPASTELQVIEYTPIQLGNGITWVYNGGSAIGGETEITLDIVVDDVPAIDINGSRQYKNLGFTFDPLTSKITLAQELDAEDEVVVIINGTP,TCEEEEEEHHHHHHTCTCCCCCCTTTCCCCCTCHEEHHHHHEEECCCCTCCCCCTHHTCCCCCCCTTCCCCCCTTCHHHHHHCCCCTTCCCCTTCEEEETEEEEEEEECCTCCCCCTCEEHEHHHHHEEEEEEECCTCCTCCCCTCHHEEEEETEEEEEEECCTCHEEEEEETCCCCCTTCCEEEHEEEEEHHTHEEEEEEEEEEEEEEEHHTTHHHHHTCCCCCTCEEECCTCCCHHHHEEEEEEEEEEEETEEEEECCTTCCCHHHEHEEEEEEEHHHHHHHCCTCTCCEEEEEEEEEEEEEEHHHHHHHHHHHEEEEECTCC,cccccccccccccccccceeeeccccceeccccceeecccccceeccccceecccccccceeeecccceeeeccccceeeeccccccccccccceeeeeccccceeeeecccceecceeeeeccccccceeeeeeccccccccccccceeeeecccceeeeecccccceeeeccccccccceechhhhhhhhccccceeecccccceeeeecccchhhhhhcccccceeeecccccccchhhheeecceeccccceeeecccccccccceeeeeeeecccccccccccccccccccccccccchhhhhhhhhhhceeeeeeccee,cccccccccccccccccccccccccccccccccceeecccccccccccccccccccccccccccccccccccccccceeeeeccccccccccccceeeeccccceeeeecccccccceeeeeecccccccceeeeecccccccccccceeeeccccceeeeeecccceeeeeecccccccceeeceeeecccccccceeeeccccceeeeeccccccccccccccccceeeeccccccceeeeeeeccccccceeeeeeccccccccceeeeeecccccceeeeecccccccccccccccccceeecccccccccceeeeecccc,----------------HHHHHHH----EE------EE-------------------HHHHHH--------------------------E-----EEEEE----EEEEEE--------EEEEEEE--------EEEE------------EEEE----EEEEEEE-----EEEEE-------EEEE---EEEEE-------EE-----EEEEEE----EE----------EEEE--------EEEEEE------EEEEEEEE--------EEEEE-----EEEEEEEE-EE-------EEEE---EEEEE-------EEEEEE----,CCCCCCCCCCCCCCCCCCCCCCCCCCCCCCCCCCCCCCCBCCCCCCCCCCBBBBCCCCBBBBBBCCCBBBBCCCCCCBBBBCCCCCBBBCCCCBBBBBCCCCCCBBBBCCCCCCCCCBBBBBBCCCCCCCCCBBBBCCCCCBCCBCCCBBBCCCCCBBBBBBCCCCCCBBBBBBBCCCBBBBBBBBBBBBBCCCCBBBBBCCCCCCCBBBBBCCBBCCHHHBBBBCCBBBBBBBBCCCCBBBBBBBBBBBCCCCCBBBCHHHCCCCCCCBBBCCCCCCCCCBBBBCCBBBBBCCCBBBBCCCCBBBBCCCCCCCCCBBBBCCCCC,325,325,325,325,325,325,325
