ID,fixed,q3
6UF2,MRIDELVPADPRAVSLYTPYYSQANRRRYLPYALSLYQGSSIEGSRAVEGGAPISFVATWTVTPLPADMTRCHLQFNNDAELTYEILLPNHEFLEYLIDMLMGYQRMQKTDFPGAFYRRLLGYDS,CCHHHCCCCCHHHHHHHCCCCCCCCCCCHHHHHHHHHHHHCEEEEECCCCCCCEEEEEECCCCCHHHCEEEEEEEECCEEEEEEEEEEEHHHHHHHHHHHHHHHHHCCCCCCCHHHHHHHHCCCC
6VR4,ACKIENIKYKGKEVESKLGSQLIDIFNDLDRAKEEYDKLSSPEFIAKFGDWINDEVERNVNEDGEPLLIQDVRQDSSKHYFFILKNGERFDLLTREFDSFTSPDLTNEIKEITDQLSYYIYNKHFSSDFEQVEGAKLNIQNEISQFVKEGKAPVQAAYNKLQDPDIKDLLDYYDNIEKHSDEFESEIVKFFSEKKLIIKDAELEDVTQEGLNEGLQGGDLVQAFEKNSKDNATANVKLMLSFLPKIDNLTGEPALGDYLNKPVFRSFDSIHSELLEVLSDITTLHVQGEVLDVFSSMYNKIKELADFKKSFKPLLEILDTIDEQKKTEFVQAFYLSKINFYTTTIETLETEDQNNTLTTFKVQNVSNANNPISSKLTEYYTNFKYKILPGGKLNKGKLKD,CCCCCCCCCCCCCCCCHHHHHHHHHHCCHHHHHHHHHHHCCHHHHHHHCCCCCCCCCCCCCCCCCCCCEEEECCCCCEEEEEECCCCCEEECCCCCCCCCCCCCHHHHHHHHHHHHHHHHHHHHHCCCCCCCCCCCCCHHHHHHHHHHHHHHHHHHHHHHCCCHHHHHHHHHHHHHHHCHHHHHHHHHHHHHHHCCCCCHHHHHHHHHHHHHHCCCHHHCCCHHHCCHHHHCCHHHHHHHHCCECECCCCCCECECCCCCCECECCHHHHHHHHHHHHCCCCCCEECCEECCHHHHHHHHHHHHHHHCHHHHHHHHHHHCCCHHHHHHHHHHHCCEECCEEEEEEEEEECCCCCCEEEEEEEEECCCCCCHHHHHHHHHHHHHHHHHCHHHCCCHHHHHH
6VR4,LQSTVTSLLEKTRKENNPKYKSDSDFYEVFEEGVVELMQVFEDLGVDSITFEAMDIFLKQFRFDLPENNAYKIMYQQYQGKLTNLNNLLKDIQSNKINPYKINPFKNYSNLIFNSLAEAENYFIENNNESTIFSNGKTYWNFARPSYISNRINTFKNNPGVLRQLLNTSYGQSSLWAKHLLGEEKNVTGDFVLAGNARESASENRLKSLELSIFNSLQEKDKGAEGNDNGSISIVDQLADKLNKVLRGGTKNGTSIYSTVTPGDKSTLHEIKIDHFIPETISSFSNGTMIFNDKIVNAFTDHFVSEVNRMKEAYQELETLPESKRVVHYHTDARGNVMKDGKLAGNAFKSGHILSELSFDQITQDDNEMLKLYNEDGSPINPKGAVSNEQKILIKQTINK,HHHHHHHHHHHHHHHCCCCCCCHHHHHHHHHHHHHHHHHHHHHCCCCCCCHHHHHHHHHCCCCCCCCCCCHHHHHHHHHHHHHHHHHHHHHHHCCCCCCCCCCHHHHCHHHHHHHHHHHHHCCCCCCCCCEEEECCEEEECEECCEHHHHHHHHHHHCCHHHHHHHHCCHHHHCHHHHHHHCCCECCCCCECCCHHHHHHHHHHHHHHCEEEEEEEEEECCEEEEEECCCCCCHHHHHHHHHHHHHHHHCCCCCEEEECCCCCCCCCCEEEEECCCCCCCEEEEECCEEEECHHHHHHHHHHHHHHHHHHHHHHHHHHHCCHHHCECCCCCCCCCCCEECCEECCHHHCCCCCCHHHCHHHCCHHHHHHHCCECCCCCECCCCCCCCHHHHHHHHHHHHH
6VR4,VLNQRIKENIRYFKDQGLVIDTVNKDGNKGFHFHGLDKSIMSEYTDDIQLTEFDISHVVSDFTLNSILASIEYTKLFTGDPANYKNMVDFFKRVPATYTNGTNLRLGLEANDHLFDVAVLENIVKPSAYLKEIGESLKLSDLSEAEKKYILEAYEDVNQTDAQAWITPKRWAFLISRTGKWNSKYQSVYNKILKSESLDASEMKLAAQPLKGVYFGLVNNTPTYLKYSQAVLLPQLVAGTQLQSLADAMNKQDIGESIVLDGVKVGATTPNIVTDENGDILKSISLNPLTLSNADWKLQQDLPVKTIKPTLLGSQIQKNIYSSLTDEATYTIENEAFNGSGMFQAINDTVSAMSNLSIAGLSSELGKDSEGKIDKRKLYDMLEREMLDKGSAINLLKSIQ,HHHHHHHHHHHHHHHCCCEEEEECCCCCEEEEECCCEHHHHCCCCCCCCECHHHHHHHHHHHHHHHHHHHHHHHHHHHCCHHHCCCHHHHHHHHHHHHCECEECCCCCCCCCCEEEEEEECCCEECCCCHHHHHHHHCCCCCCHHHHHHHHHHHCCEECCCCEEEECHHHHHHHHHHCCCCCHHHHHHHHHHHCCCCCCCHHHHHCCCCEEEEEEEEECCEEEEEECEEEECCHHHHCCECCHHHHHHHHHCCEEEEEEHHHEEECCECCECCECCCCCECCCCCCCCEEEEHHHEEEEECCCCCCCEEEECCCCHHHHHHHHCCCCCCEEECCEEECHHHHHHHHHHHHHHHHHHHHHHHHHHHCCCCCCCCCHHHHHHHHHHHHHHHCCCHHHHHHHH
6VR4,KNLPIEAMPGIKDKLYNIVFSKINSAAVKLKTNGGSFIQLSNFGLDKQTADAKGITWLVEPSDLKPPVIEKDADGKNYIRPGQIFMSHVQIAKLVPDYAKMDSKTLSSMIDPKALRAIGYRIPNQGQSSNDPLQIVGILPEAMGDTIVAYTEIPTKTGSDFDIDKMYVMLPNFKVEHTKKSFKLAKDYIAQNEITVEEMYDELEDHGFNIDDIANGEEVTESAITEAFIKNHILNSNSELEYHNDFVKQHNIDAVNKIDFLGYSEELHKNKSEQLQNRLFDLYWAVLTNEKTYGDLITPIDFPHVKDEIKRVFGDNSKQTGENLKFHDPLYQLKLKFTYAGGKSGVGITANMLVDHNRSKGIDMQFNQYNLGVGHTQNGNTVFDKEYSEELNGTRFKIKD,CCCCHHHCCCCHHHHHHHHHHHHHHHHCCCEEEEEEEEEECCCCCCCECCCCCCCEECCCCCCCCCCEEEECCCCCEEEECEEEEECCHHHHHHCCCCCCCCHHHHHHHECHHHCEEEEECCCCCCHHHCEEEEEEEECCHHHCCEEECCCCHHHHHCCCCCCCCEEEEECCEEEECCHHHHHHHHHHHHHCCCCHHHHHHHCCCCCCCCCCHHHHCCCCCHHHHHHHHHHHCCCCCCCCCHHHHHHHHCCCCCCCEEEECCCCCCHHHCCHHHHHHHHHHHHHHHHCEHHHHHHHHCCCCCCHHHHHHHHHHCCCCCCCCCCCHHHCHHHHHHHHHHHHCHHHHHHHHHHHHHHHHHCCCCCCEECCCCCCCCCEECCEEECCCCECCCECCECCEHHH
6VR4,TISAFLNAFVDNAKDPYINDGNFNTYTSSVAFMLIRAGVHPDWIISFIGQPVLRELADFTQRYESKIIPKEDVGKSSFDIIVEKYETINQESYKDAESRAFSLDTLQESIEVGVHGIDLDVLKTFKGFQEQAKRLNESVQLSRFDTNGSGKNILDLIILKNKIKNLYVSEQTQQKGSMMNHFKKYHNNGKITSLGTQVKNTLLFTDDILNNNPSLFLLGSKPIQDLVNSISNNLVDSRGGSRGLLTNEDVGKLFYKEVYKYIMADFAPFKVGDPMAYIKDTIFDLVNYKTEDKQYDSSNFFIENMTVYENSFGITNKNKSVDFQDRLYRSAYDLMMENPELANKMFISSFLMNGFENKLIDIKEYIPYQWFLENDIRSFIESKNTGLKDSSESLRSFEEQ,HHHHHHHHHHCCCCCCCHHHHCCCCCCHHHHHHHHHHCCCHHHHHHHHCCHHHHHHHHHHHHHCCCCCCCCCCCCCHHHHHHHHHHHHHCCCCCCCCCCCCCHHHHHHHHHCCCCCCHHHHHHHHHHHHHHHHHHHHHHHCCCCCCCCCCCCHHHHHHHHHHHHHHHHHHHCCCCCCEECHHHHCEECCEECHHHHHHHHHHHHHHHHHHHCCCCCCCCCHHHHHHHHHHHHCCEECCCEECCCCCCHHHHHHHHHHHHHHHHCCCHHHCCCCHHHHHHHHHHHHHHHHHHHHCCCCCCHHHHCCEECCCCEECCCCCCCHHHHHHHHHHHHHHHHHCHHHHHHHHHHHHHHHCCCCCCCCCHHHCCHHHHHHCCHHHHHHHHHHHHHHCCHHHCCHHHH
6VR4,FIKNNSDSNILAPKVSQSVIKSIKGIKSKHVFELPINDKTKRYILGATETKEEVLPNYVKVGSDLYRLKAYREKSGVYVRTNKLGFEDPKSFLSIKEYKFGTRTGGNFTGELTKQELVYTNQWVNENITLANGYISADSRTVDNPADKILEQNSLENILFSQNNVVS,HHHHCCCCCCCCCECCHHHCECCCCCCCCCEEEEECCCCCCCCCCEECCCCCEECCCEEEECCEEEEEEEEECCEEEEEECCCCCEEEHHHCEEECCCCCCCCCCCCCCCHHHHHHHHHHHHHHHHCCCHHHCCEECCCCCCCCCHHHHHHCCCHHHHHHCCCCCCC
6Y4F,SIFSYITESTGTPSNATYTYVIERWDPETSGILNPCYGWPVCYVTVNHKHTVNGTGGNPAFQIARIEKLRTLAEVRDVVLKNRSFPIEGQTTHRGPSLNSNQECVGLFYQPNSSGISPRGKLLPGSLCGIAPPPVH,CEEEEEEEEEECCCEEEEEEEEEEECCCCCCCECCCCCCCCCEEEEEEECCCCCCECCCCEEEEECCCCCEHHHHHHHHHHHCCCCEEEEEEEECCCCCHHHCCEEEEEECCCCCCECCCEECCCEEECCCCCCCC
6YA2,DLPNNCLNASSLKCEIKGISTYNVYYQVENNGVIYSCVSDSAEGLEKCDNSLNLPKRFSKVPVIPITKLDNKRHFSVGTKFFISESLTQDNYPITYNSYPTNGTVCLQTVKLSGDCKITKSNFANPYTVSITSPEKIMGYLIKKPGENVEHKVISFSGSASITFTEEMLDGEHNLLCGDKSAKIPKTNK,CCCCCCCCCCCCEEEEEEECCCCEEEEEEECCEEEEEEECCCCCCCCCECCCCCCCCCCCCCEEECCCHHHHHHHEEEEEEEEEECCCCCCEEEEECCEEEEEEEEEEEEEECCCCEEECCCCCCCCEEEEEEEEEEEEEEEECCCCCCCCCCEEEEEEEEEECCCHHHCCCEEEEECCEEEEECCCCC
7D2O,KPTENNEDFNIVAVASNFATTDLDADRGKLPGKKLPLEVLKEMEANARKAGCTRGCLICLSHIKCTPKMKKFIPGRCHTYEGDKESAQGGIGEAIVDIPAIPRFKDLEPMEQFIAQVDLCVDCTTGCLKGLANVQCSDLLKKWLPQRCATFASKIQGQVDKIKGAGGD,CCCCCCCCCCCHHHHHHHCCCCCHHHHCCCCCCCCCHHHHHHHHHHHHHHCCCHHHHHHHHCCCCCHHHHHHCCCCCCCCCCCCCCCCCCCCCCCCCECCECHHHHCCHHHHHHHHHHHCCCCCHHHHHHHHCCCCCHHHHHHCCCCCCCCCCCCCCCCCCCCCCCCC
7JTL,QECSLQSCTQHQPYVVDDPCPIHFYSKWYIRVGARKSAPLIELCVDEGSKSPIQYIDIGNYTVSCLPFTINCQEPKLGSLVVRCSFYEDFLEYHDVRVVLDFI,CCEEEEEECCCCEEECCCCCCCCCEEEEEEEECCECCCCEEECCCCCCCCCCCCCCCCCCCEEEECCEEEECCCCCCEEEEEEEECCCCCCCEEEEEEEEEEC
7K7W,HAHGTENLYFQGSATMAAQSLLSIPVEYRSQVWCRANLPYPPAPQLPIPAVVDILTKASQALPQISFSWTLIDQPPDGSLFLVWQAPTLPSPPDGMHFMSNERFFNMDVAGKVLEIHEAKHGFYPLSETRTMHVRCRYRLLGVGFDNFWLVHYFQGSETDSIPANISVAKPPHLRRYPLPDVKTSPFLLQ,CCCHHHHHHCCCCCHHHHHHHHCCCHHHCCCCEEEECCCCCCCCCCCHHHHHHHHHHHHHHHHHCCEEEECCCCCCCCCEEEEECCCCCCCCCCCCEECCCCEEEEEEECCEEEEEEEEEEEECCCCCCECCEEEEEEEEECCCCCCEEEEEEEECCCCCCCECCHHHCECCCCCCCCCCCCCCCCECCC
7OC9,GNDFVSRLKALDGREGKIVSSYDDENTGRCRLELQKYELEDGSQGLAVYLQDTGMYFTPSAGLDKETKLKDANTAVVSTSSERPGGDACGDFGGALGYKKVLVLKDNQVTIRETFRCVMDGFKKYDLSTTCQF,CHHHHHHHHHHCCCEEEEEEECCCCCCCEEEEEEEEEECCCCCEEEEEEEECCCCCCCCEEEECCCCEEEECCEEEEECCCCECCEECCEECCCEEEEEEEEEEECCEEEEEEEEEEHHHCCEEEEEEEEEEC
7REJ,KPTQPLFPLGLETSESSNIKGFNNSGTIEHSPGAVMTFPEDTEVTGLPSSVRYNPDSDEFEGYYENGGWLSLGGGGIRWETLPHAPSSNLLEGRGYLINNTTGTSTVVLPSPTRIGDSVTICDAYGKFATYPLTVSPSGNNLYGSTEDMAITTDNVSATFTWSGPEQGWVITSGVGLGQGRVYSREIFTQILASETSAVTLNTPPTIVDVYADGKRLAESKYSLDGNVITFSPSLPASTELQVIEYTPIQLGNGITWVYNGGSAIGGETEITLDIVVDDVPAIDINGSRQYKNLGFTFDPLTSKITLAQELDAEDEVVVIINGTP,CCCCCCCCCCCCCCCCCCCCCCCCCCCCCCCCCCCCCCCECCCCCCCCCCEEEECCCCEEEEEECCCEEEECCCCCCEEEECCCCCEEECCCCEEEEECCCCCCEEEECCCCCCCCCEEEEEECCCCCCCCCEEEECCCCCECCECCCEEECCCCCEEEEEECCCCCCEEEEEEECCCEEEEEEEEEEEEECCCCEEEEECCCCCCCEEEEECCEECCHHHEEEECCEEEEEEEECCCCEEEEEEEEEEECCCCCEEECHHHCCCCCCCEEECCCCCCCCCEEEECCEEEEECCCEEEECCCCEEEECCCCCCCCCEEEECCCCC
