ID,section,original,q3
6UF2,1,MRIDELVPADPRAVSLYTPYYSQANRRRYLPYALSLYQGSSIEGSRAVEGGAPISFVATWTVTPLPADMTRCHLQFNNDAELTYEILLPNHEFLEYLIDMLMGYQRMQKTDFPGAFYRRLLGYDS,CCHHHCCCCCHHHHHHHCCCCCCCCCCCHHHHHHHHHHHHCBBBBBCCCCCCCBBBBBBCCCCCHHHCBBBBBBBBCCBBBBBBBBBBBHHHHHHHHHHHHHHHHHCCCCCCCHHHHHHHHCCCC
6VR4,1,ACKIENIKYKGKEVESKLGSQLIDIFNDLDRAKEEYDKLSSPEFIAKFGDWINDEVERNVNEDGEPLLIQDVRQDSSKHYFFILKNGERFDLLTREFDSFTSPDLTNEIKEITDQLSYYIYNKHFSSDFEQVEGAKLNIQNEISQFVKEGKAPVQAAYNKLQDPDIKDLLDYYDNIEKHSDEFESEIVKFFSEKKLIIKDAELEDVTQEGLNEGLQGGDLVQAFEKNSKDNATANVKLXLSFLPKIDNLTGEPALGDYLNKPVFRSFDSIHSELLEVLSDITTLHVQGEVLDVFSSXYNKIKELADFKKSFKPLLEILDTIDEQKKTEFVQAFYLSKINFYTTTIETLETEDQNNTLTTFKVQNVSNANNPISSKLTEYYTNFKYKILPGGKLNKGKLKDLQSTVTSLLEKTRKENNPKYKSDSDFYEVFEEGVVELXQVFEDLGVDSITFEAXDIFLKQFRFDLPENNAYKIXYQQYQGKLTNLNNLLKDIQSNKINPYKINPFKNYSNLIFNSLAEAENYFIENNNESTIFSNGKTYWNFARPSYISNRINTFKNNPGVLRQLLNTSYGQSSLWAKHLLGEEKNVTGDFVLAGNARESASENRLKSLELSIFNSLQEKDKGAEGNDNGSISIVDQLADKLNKVLRGGTKNGTSIYSTVTPGDKSTLHEIKIDHFIPETISSFSNGTXIFNDKIVNAFTDHFVSEVNRXKEAYQELETLPESKRVVHYHTDARGNVXKDGKLAGNAFKSGHILSELSFDQITQDDNEXLKLYNEDGSPINPKGAVSNEQKILIKQTINK,CCCCCCCCCCCCCCCCHHHHHHHHHHCCHHHHHHHHHHHCCHHHHHHHCCCCCCCCCCCCCCCCCCCCBBBBCCCCCBBBBBBCCCCCBBBCCCCCCCCCCCCCHHHHHHHHHHHHHHHHHHHHHCCCCCCCCCCCCCHHHHHHHHHHHHHHHHHHHHHHCCCHHHHHHHHHHHHHHHCHHHHHHHHHHHHHHHCCCCCHHHHHHHHHHHHHHCCCHHHCCCHHHCCHHHHCCHHHHHHHHCCBCBCCCCCCBCBCCCCCCBCBCCHHHHHHHHHHHHCCCCCCBBCCBBCCHHHHHHHHHHHHHHHCHHHHHHHHHHHCCCHHHHHHHHHHHCCBBCCBBBBBBBBBBCCCCCCBBBBBBBBBCCCCCCHHHHHHHHHHHHHHHHHCHHHCCCHHHHHHHHHHHHHHHHHHHHHCCCCCCCHHHHHHHHHHHHHHHHHHHHHCCCCCCCHHHHHHHHHCCCCCCCCCCCHHHHHHHHHHHHHHHHHHHHHHHCCCCCCCCCCHHHHCHHHHHHHHHHHHHCCCCCCCCCBBBBCCBBBBCBBCCBHHHHHHHHHHHCCHHHHHHHHCCHHHHCHHHHHHHCCCBCCCCCBCCCHHHHHHHHHHHHHHCBBBBBBBBBBCCBBBBBBCCCCCCHHHHHHHHHHHHHHHHCCCCCBBBBCCCCCCCCCCBBBBBCCCCCCCBBBBBCCBBBBCHHHHHHHHHHHHHHHHHHHHHHHHHHHCCHHHCBCCCCCCCCCCCBBCCBBCCHHHCCCCCCHHHCHHHCCHHHHHHHCCBCCCCCBCCCCCCCCHHHHHHHHHHHHH
6VR4,2,VLNQRIKENIRYFKDQGLVIDTVNKDGNKGFHFHGLDKSIXSEYTDDIQLTEFDISHVVSDFTLNSILASIEYTKLFTGDPANYKNXVDFFKRVPATYTNGTNLRLGLEANDHLFDVAVLENIVKPSAYLKEIGESLKLSDLSEAEKKYILEAYEDVNQTDAQAWITPKRWAFLISRTGKWNSKYQSVYNKILKSESLDASEXKLAAQPLKGVYFGLVNNTPTYLKYSQAVLLPQLVAGTQLQSLADAXNKQDIGESIVLDGVKVGATTPNIVTDENGDILKSISLNPLTLSNADWKLQQDLPVKTIKPTLLGSQIQKNIYSSLTDEATYTIENEAFNGSGXFQAINDTVSAXSNLSIAGLSSELGKDSEGKIDKRKLYDXLEREXLDKGSAINLLKSIQKNLPIEAXPGIKDKLYNIVFSKINSAAVKLKTNGGSFIQLSNFGLDKQTADAKGITWLVEPSDLKPPVIEKDADGKNYIRPGQIFXSHVQIAKLVPDYAKXDSKTLSSXIDPKALRAIGYRIPNQGQSSNDPLQIVGILPEAXGDTIVAYTEIPTKTGSDFDIDKXYVXLPNFKVEHTKKSFKLAKDYIAQNEITVEEXYDELEDHGFNIDDIANGEEVTESAITEAFIKNHILNSNSELEYHNDFVKQHNIDAVNKIDFLGYSEELHKNKSEQLQNRLFDLYWAVLTNEKTYGDLITPIDFPHVKDEIKRVFGDNSKQTGENLKFHDPLYQLKLKFTYAGGKSGVGITANXLVDHNRSKGIDXQFNQYNLGVGHTQNGNTVFDKEYSEELNGTRFKIKD,HHHHHHHHHHHHHHHCCCBBBBBCCCCCBBBBBCCCBHHHHCCCCCCCCBCHHHHHHHHHHHHHHHHHHHHHHHHHHHCCHHHCCCHHHHHHHHHHHHCBCBBCCCCCCCCCCBBBBBBBCCCBBCCCCHHHHHHHHCCCCCCHHHHHHHHHHHCCBBCCCCBBBBCHHHHHHHHHHCCCCCHHHHHHHHHHHCCCCCCCHHHHHCCCCBBBBBBBBBCCBBBBBBCBBBBCCHHHHCCBCCHHHHHHHHHCCBBBBBBHHHBBBCCBCCBCCBCCCCCBCCCCCCCCBBBBHHHBBBBBCCCCCCCBBBBCCCCHHHHHHHHCCCCCCBBBCCBBBCHHHHHHHHHHHHHHHHHHHHHHHHHHHCCCCCCCCCHHHHHHHHHHHHHHHCCCHHHHHHHHCCCCHHHCCCCHHHHHHHHHHHHHHHHCCCBBBBBBBBBBCCCCCCCBCCCCCCCBBCCCCCCCCCCBBBBCCCCCBBBBCBBBBBCCHHHHHHCCCCCCCCHHHHHHHBCHHHCBBBBBCCCCCCHHHCBBBBBBBBCCHHHCCBBBCCCCHHHHHCCCCCCCCBBBBBCCBBBBCCHHHHHHHHHHHHHCCCCHHHHHHHCCCCCCCCCCHHHHCCCCCHHHHHHHHHHHCCCCCCCCCHHHHHHHHCCCCCCCBBBBCCCCCCHHHCCHHHHHHHHHHHHHHHHCBHHHHHHHHCCCCCCHHHHHHHHHHCCCCCCCCCCCHHHCHHHHHHHHHHHHCHHHHHHHHHHHHHHHHHCCCCCCBBCCCCCCCCCBBCCBBBCCCCBCCCBCCBCCBHHH
6VR4,3,TISAFLNAFVDNAKDPYINDGNFNTYTSSVAFXLIRAGVHPDWIISFIGQPVLRELADFTQRYESKIIPKEDVGKSSFDIIVEKYETINQESYKDAESRAFSLDTLQESIEVGVHGIDLDVLKTFKGFQEQAKRLNESVQLSRFDTNGSGKNILDLIILKNKIKNLYVSEQTQQKGSXXNHFKKYHNNGKITSLGTQVKNTLLFTDDILNNNPSLFLLGSKPIQDLVNSISNNLVDSRGGSRGLLTNEDVGKLFYKEVYKYIXADFAPFKVGDPXAYIKDTIFDLVNYKTEDKQYDSSNFFIENXTVYENSFGITNKNKSVDFQDRLYRSAYDLXXENPELANKXFISSFLXNGFENKLIDIKEYIPYQWFLENDIRSFIESKNTGLKDSSESLRSFEEQFIKNNSDSNILAPKVSQSVIKSIKGIKSKHVFELPINDKTKRYILGATETKEEVLPNYVKVGSDLYRLKAYREKSGVYVRTNKLGFEDPKSFLSIKEYKFGTRTGGNFTGELTKQELVYTNQWVNENITLANGYISADSRTVDNPADKILEQNSLENILFSQNNVVX,HHHHHHHHHHCCCCCCCHHHHCCCCCCHHHHHHHHHHCCCHHHHHHHHCCHHHHHHHHHHHHHCCCCCCCCCCCCCHHHHHHHHHHHHHCCCCCCCCCCCCCHHHHHHHHHCCCCCCHHHHHHHHHHHHHHHHHHHHHHHCCCCCCCCCCCCHHHHHHHHHHHHHHHHHHHCCCCCCBBCHHHHCBBCCBBCHHHHHHHHHHHHHHHHHHHCCCCCCCCCHHHHHHHHHHHHCCBBCCCBBCCCCCCHHHHHHHHHHHHHHHHCCCHHHCCCCHHHHHHHHHHHHHHHHHHHHCCCCCCHHHHCCBBCCCCBBCCCCCCCHHHHHHHHHHHHHHHHHCHHHHHHHHHHHHHHHCCCCCCCCCHHHCCHHHHHHCCHHHHHHHHHHHHHHCCHHHCCHHHHHHHHCCCCCCCCCBCCHHHCBCCCCCCCCCBBBBBCCCCCCCCCCBBCCCCCBBCCCBBBBCCBBBBBBBBBCCBBBBBBCCCCCBBBHHHCBBBCCCCCCCCCCCCCCCHHHHHHHHHHHHHHHHCCCHHHCCBBCCCCCCCCCHHHHHHCCCHHHHHHCCCCCCC
6Y4F,1,SIFSYITESTGTPSNATYTYVIERWDPETSGILNPXYGWPVXYVTVNHKHTVNGTGGNPAFQIARIEKLRTLAEVRDVVLKNRSFPIEGQTTHRGPSLNSNQEXVGLFYQPNSSGISPRGKLLPGSLXGIAPPPXE,CBBBBBBBBBBCCCBBBBBBBBBBBCCCCCCCBCCCCCCCCCBBBBBBBCCCCCCBCCCCBBBBBCCCCCBHHHHHHHHHHHCCCCBBBBBBBBCCCCCHHHCCBBBBBBCCCCCCBCCCBBCCCBBBCCCCCCCC
6YA2,1,DLPNNXLNASSLKXEIKGISTYNVYYQVENNGVIYSXVSDSAEGLEKXDNSLNLPKRFSKVPVIPITKLDNKRHFSVGTKFFISESLTQDNYPITYNSYPTNGTVXLQTVKLSGDXKITKSNFANPYTVSITSPEKIMGYLIKKPGENVEHKVISFSGSASITFTEEMLDGEHNLLXGDKSAKIPKTNXVS,CCCCCCCCCCCCBBBBBBBCCCCBBBBBBBCCBBBBBBBCCCCCCCCCBCCCCCCCCCCCCCBBBCCCHHHHHHHBBBBBBBBBBCCCCCCBBBBBCCBBBBBBBBBBBBBBCCCCBBBCCCCCCCCBBBBBBBBBBBBBBBBCCCCCCCCCCBBBBBBBBBBCCCHHHCCCBBBBBCCBBBBBCCCCCCC
7D2O,1,KPTENNEDFNIVAVASNFATTDLDADRGKLPGKKLPLEVLKEMEANARKAGXTRGXLIXLSHIKXTPKMKKFIPGRXHTYEGDKESAQGGIGEAIVDIPAIPRFKDLEPMEQFIAQVDLXVDXTTGXLKGLANVQXSDLLKKWLPQRXATFASKIQGQVDKIKGAGGD,CCCCCCCCCCCHHHHHHHCCCCCHHHHCCCCCCCCCHHHHHHHHHHHHHHCCCHHHHHHHHCCCCCHHHHHHCCCCCCCCCCCCCCCCCCCCCCCCCBCCBCHHHHCCHHHHHHHHHHHCCCCCHHHHHHHHCCCCCHHHHHHCCCCCCCCCCCCCCCCCCCCCCCCC
7JTL,1,QEXSLQSXTQHQPYVVDDPXPIHFYSKWYIRVGARKSAPLIELXVDEXSKSPIQYIDIGNYTVSXLPFTINXQEPKLGSLVVRXSFYEDFLEYHDVRVVLDFIX,CCBBBBBBCCCCBBBCCCCCCCCCBBBBBBBBCCBCCCCBBBCCCCCCCCCCCCCCCCCCCBBBBCCBBBBCCCCCCBBBBBBBBCCCCCCCBBBBBBBBBBCC
7K7W,1,HHHGTENLYFQGXATMAAQSLLSIPVEYRSQVWCRANLPYPPAPQLPIPAVVDILTKASQALPQISFSWTLIDQPPDGSLFLVWQAPTLPSPPDGMHFMSNERFFNMDVAGKVLEIHEAKHGFYPLSETRTMHVRCRYRLLGVGFDNFWLVHYFQGSETDSIPANISVAKPPHLRRYPLPDVKTSPFLLQ,CCCHHHHHHCCCCCHHHHHHHHCCCHHHCCCCBBBBCCCCCCCCCCCHHHHHHHHHHHHHHHHHCCBBBBCCCCCCCCCBBBBBCCCCCCCCCCCCBBCCCCBBBBBBBCCBBBBBBBBBBBBCCCCCCBCCBBBBBBBBBCCCCCCBBBBBBBBCCCCCCCBCCHHHCBCCCCCCCCCCCCCCCCBCCC
7OC9,1,GNDFVSRLKALDGREGKIVSSYDDENTGRXRLELQKYELEDGSQGLAVYLQDTGMYFTPSAGLDKETKLKDANTAVVSTSSERPGGDAXGDFGGALGYKKVLVLKDNQVTIRETFRXVMDGFKKYDLSTTXQF,CHHHHHHHHHHCCCBBBBBBBCCCCCCCBBBBBBBBBBCCCCCBBBBBBBBCCCCCCCCBBBBCCCCBBBBCCBBBBBCCCCBCCBBCCBBCCCBBBBBBBBBBBCCBBBBBBBBBBHHHCCBBBBBBBBBBC
7REJ,1,KPTQPLFPLGLETSESSNIKGFNNSGTIEHSPGAVMTFPEDTEVTGLPSSVRYNPDSDEFEGYYENGGWLSLGGGGIRWETLPHAPSSNLLEGRGYLINNTTGTSTVVLPSPTRIGDSVTICDAYGKFATYPLTVSPSGNNLYGSTEDMAITTDNVSATFTWSGPEQGWVITSGVGLGQGRVYSREIFTQILASETSAVTLNTPPTIVDVYADGKRLAESKYSLDGNVITFSPSLPASTELQVIEYTPIQLGNXITWVYNGGSAIGGETEITLDIVVDDVPAIDINGSRQYKNLGFTFDPLTSKITLAQELDAEDEVVVIINGTPX,CCCCCCCCCCCCCCCCCCCCCCCCCCCCCCCCCCCCCCCBCCCCCCCCCCBBBBCCCCBBBBBBCCCBBBBCCCCCCBBBBCCCCCBBBCCCCBBBBBCCCCCCBBBBCCCCCCCCCBBBBBBCCCCCCCCCBBBBCCCCCBCCBCCCBBBCCCCCBBBBBBCCCCCCBBBBBBBCCCBBBBBBBBBBBBBCCCCBBBBBCCCCCCCBBBBBCCBBCCHHHBBBBCCBBBBBBBBCCCCBBBBBBBBBBBCCCCCBBBCHHHCCCCCCCBBBCCCCCCCCCBBBBCCBBBBBCCCBBBBCCCCBBBBCCCCCCCCCBBBBCCCCCC
